﻿Time_ID,hours,minutes,seconds,time_of_day
1,0,0,0,before 8
2,1,0,0,before 8
3,2,0,0,before 8
4,3,0,0,before 8
5,4,0,0,before 8
6,5,0,0,before 8
7,6,0,0,before 8
8,7,0,0,before 8
9,8,0,0,between 8 and 10
10,9,0,0,between 8 and 10
11,10,0,0,between 8 and 10
12,11,0,0,between 11 to 12
13,12,0,0,between 11 to 12
14,13,0,0,betwenn 13 and 14
15,14,0,0,betwenn 13 and 14
16,15,0,0,between 15 and 16
17,16,0,0,between 15 and 16
18,17,0,0,after 17
19,18,0,0,after 17
20,19,0,0,after 17
21,20,0,0,after 17
22,21,0,0,after 17
23,22,0,0,after 17
24,23,0,0,after 17
